"Region","hilo","Site","DBH","totBA","BAI_pred","BAI_upper","BAI_lower"
"Mammoth","high","sl",50,1,881.499682489425,967.990466304907,796.773206335237
"Mammoth","low","ic",50,1,1212.409634471,1340.65416325622,1092.83020748349
"San Jac","high","bm",50,1,994.503632102597,1087.16363639873,906.34639909433
"San Jac","low","sp",50,1,832.317141035481,922.497225964618,743.982170198999
"SEKI","high","pr",50,1,1490.85791054862,1633.36330942343,1348.43131238179
"SEKI","low","cm",50,1,1660.7275420965,1819.81715433591,1500.97050883398
"SENF","high","pp",50,1,1085.89293931316,1193.76662691856,984.677812390489
"SENF","low","lc",50,1,1472.43408240202,1622.05000465758,1340.04010995524
